hub_file_number,hub_file_label,hub_package,hub_inbound_count,field_number,field_label,raw_type,modifiers,required,has_input_transform,has_description,score,reasons
200.0,NEW PERSON,SOCIAL WORK,561,0.01,NAME,RFX,X,True,False,False,0,
200.0,NEW PERSON,SOCIAL WORK,561,0.111,STREET ADDRESS 1,F,,False,False,False,2,label contains 'address'
200.0,NEW PERSON,SOCIAL WORK,561,0.112,STREET ADDRESS 2,F,,False,False,False,2,label contains 'address'
200.0,NEW PERSON,SOCIAL WORK,561,0.113,STREET ADDRESS 3,F,,False,False,False,2,label contains 'address'
200.0,NEW PERSON,SOCIAL WORK,561,0.114,CITY,F,,False,False,False,0,
200.0,NEW PERSON,SOCIAL WORK,561,0.116,ZIP CODE,F,,False,False,False,2,label contains 'zip'
200.0,NEW PERSON,SOCIAL WORK,561,0.1211,TEMPORARY ADDRESS 1,F,,False,False,False,2,label contains 'address'
200.0,NEW PERSON,SOCIAL WORK,561,0.1212,TEMPORARY ADDRESS 2,F,,False,False,False,2,label contains 'address'
200.0,NEW PERSON,SOCIAL WORK,561,0.1213,TEMPORARY ADDRESS 3,F,,False,False,False,2,label contains 'address'
200.0,NEW PERSON,SOCIAL WORK,561,0.1214,TEMPORARY CITY,F,,False,False,False,0,
200.0,NEW PERSON,SOCIAL WORK,561,0.1216,TEMPORARY ZIP CODE,F,,False,False,False,2,label contains 'zip'
200.0,NEW PERSON,SOCIAL WORK,561,0.131,PHONE (HOME),F,,False,False,False,2,label contains 'phone'
200.0,NEW PERSON,SOCIAL WORK,561,0.132,OFFICE PHONE,F,,False,False,False,2,label contains 'phone'
200.0,NEW PERSON,SOCIAL WORK,561,0.133,PHONE #3,F,,False,False,False,2,label contains 'phone'
200.0,NEW PERSON,SOCIAL WORK,561,0.134,PHONE #4,F,,False,False,False,2,label contains 'phone'
200.0,NEW PERSON,SOCIAL WORK,561,0.135,COMMERCIAL PHONE,F,,False,False,False,2,label contains 'phone'
200.0,NEW PERSON,SOCIAL WORK,561,0.136,FAX NUMBER,F,,False,False,False,2,label contains 'number'
200.0,NEW PERSON,SOCIAL WORK,561,0.137,VOICE PAGER,F,,False,False,False,0,
200.0,NEW PERSON,SOCIAL WORK,561,0.138,DIGITAL PAGER,F,,False,False,False,0,
200.0,NEW PERSON,SOCIAL WORK,561,0.141,ROOM,F,,False,False,False,0,
200.0,NEW PERSON,SOCIAL WORK,561,0.151,EMAIL ADDRESS,FXa,"X,a",False,False,False,2,label contains 'address'
200.0,NEW PERSON,SOCIAL WORK,561,1.0,INITIAL,F,,False,False,True,1,has description
200.0,NEW PERSON,SOCIAL WORK,561,2.0,ACCESS CODE,FXOa,"O,X,a",False,False,True,3,label contains 'code'; has description
200.0,NEW PERSON,SOCIAL WORK,561,2.1,Want to edit ACCESS CODE (Y/N),FX,X,False,False,True,3,label contains 'code'; has description
200.0,NEW PERSON,SOCIAL WORK,561,3.0,FILE MANAGER ACCESS CODE,FXa,"X,a",False,False,True,3,label contains 'code'; has description
200.0,NEW PERSON,SOCIAL WORK,561,9.0,SSN,FXa,"X,a",False,False,True,3,label contains 'ssn'; has description
200.0,NEW PERSON,SOCIAL WORK,561,9.4,Termination Reason,Fa,a,False,False,True,1,has description
200.0,NEW PERSON,SOCIAL WORK,561,10.6,DEGREE,FJ10X,"J,X",False,False,True,1,has description
200.0,NEW PERSON,SOCIAL WORK,561,11.0,VERIFY CODE,FXOa,"O,X,a",False,False,True,3,label contains 'code'; has description
200.0,NEW PERSON,SOCIAL WORK,561,11.1,Want to edit VERIFY CODE (Y/N),FX,X,False,False,True,3,label contains 'code'; has description
200.0,NEW PERSON,SOCIAL WORK,561,11.2,DATE VERIFY CODE LAST CHANGED,FOI,"I,O",False,False,True,3,label contains 'date'; has description
200.0,NEW PERSON,SOCIAL WORK,561,11.7,ARA VALUE,F,,False,False,True,1,has description
200.0,NEW PERSON,SOCIAL WORK,561,12.3,LAST TRAINING MONTH & YEAR,FXO,"O,X",False,False,True,1,has description
200.0,NEW PERSON,SOCIAL WORK,561,13.0,NICK NAME,F,,False,False,True,1,has description
200.0,NEW PERSON,SOCIAL WORK,561,14.0,PAC,FX,X,False,False,True,1,has description
200.0,NEW PERSON,SOCIAL WORK,561,14.9,HINQ EMPLOYEE NUMBER,FX,X,False,False,True,3,label contains 'number'; has description
200.0,NEW PERSON,SOCIAL WORK,561,15.0,PROHIBITED TIMES FOR SIGN-ON,F,,False,False,True,3,label contains 'time'; has description
200.0,NEW PERSON,SOCIAL WORK,561,20.1,DATE E-SIG LAST CHANGED,FO,O,False,False,True,3,label contains 'date'; has description
200.0,NEW PERSON,SOCIAL WORK,561,20.2,SIGNATURE BLOCK PRINTED NAME,FX,X,False,False,True,1,has description
200.0,NEW PERSON,SOCIAL WORK,561,20.3,SIGNATURE BLOCK TITLE,F,,False,False,True,1,has description
200.0,NEW PERSON,SOCIAL WORK,561,20.4,ELECTRONIC SIGNATURE CODE,FOX,"O,X",False,False,True,3,label contains 'code'; has description
200.0,NEW PERSON,SOCIAL WORK,561,28.0,MAIL CODE,F,,False,False,True,3,label contains 'code'; has description
200.0,NEW PERSON,SOCIAL WORK,561,31.1,FILE RANGE,FXa,"X,a",False,False,True,1,has description
200.0,NEW PERSON,SOCIAL WORK,561,31.2,TEXT TERMINATOR,F,,False,False,True,1,has description
200.0,NEW PERSON,SOCIAL WORK,561,41.99,NPI,FXa,"X,a",False,False,True,1,has description
200.0,NEW PERSON,SOCIAL WORK,561,53.11,DETOX/MAINTENANCE ID NUMBER,F,,False,False,True,3,label contains 'number'; has description
200.0,NEW PERSON,SOCIAL WORK,561,53.2,DEA#,FXJ30,"J,X",False,False,True,1,has description
200.0,NEW PERSON,SOCIAL WORK,561,53.3,VA#,FX,X,False,False,True,1,has description
200.0,NEW PERSON,SOCIAL WORK,561,53.9,REMARKS,F,,False,False,True,1,has description
200.0,NEW PERSON,SOCIAL WORK,561,53.92,TAX ID,F,,False,False,True,3,label contains 'id'; has description
200.0,NEW PERSON,SOCIAL WORK,561,125.0,PROBLEM LIST PRIMARY VIEW,F,,False,False,True,1,has description
200.0,NEW PERSON,SOCIAL WORK,561,200.08,RESERVED,F,,False,False,True,1,has description
200.0,NEW PERSON,SOCIAL WORK,561,202.2,LAST OPTION MAIN MENU,FI,I,False,False,True,1,has description
200.0,NEW PERSON,SOCIAL WORK,561,203.1,TIMESTAMP,FI,I,False,False,True,3,label contains 'time'; has description
200.0,NEW PERSON,SOCIAL WORK,561,205.1,SECID,Fa,a,False,False,True,3,label contains 'id'; has description
200.0,NEW PERSON,SOCIAL WORK,561,205.2,SUBJECT ORGANIZATION,Fa,a,False,False,True,1,has description
200.0,NEW PERSON,SOCIAL WORK,561,205.3,SUBJECT ORGANIZATION ID,Fa,a,False,False,True,3,label contains 'id'; has description
200.0,NEW PERSON,SOCIAL WORK,561,205.4,UNIQUE USER ID,Fa,a,False,False,True,3,label contains 'id'; has description
200.0,NEW PERSON,SOCIAL WORK,561,205.5,ADUPN,FJ50Xa,"J,X,a",False,False,True,1,has description
200.0,NEW PERSON,SOCIAL WORK,561,501.1,NETWORK USERNAME,FXa,"X,a",False,False,True,1,has description
200.0,NEW PERSON,SOCIAL WORK,561,501.2,SUBJECT ALTERNATIVE NAME,FaX,"X,a",False,False,True,1,has description
200.0,NEW PERSON,SOCIAL WORK,561,910.2,RANK,F,,False,False,True,1,has description
200.0,NEW PERSON,SOCIAL WORK,561,9000.0,VPID,F,,False,False,True,3,label contains 'id'; has description
200.0,NEW PERSON,SOCIAL WORK,561,776000.0,ESS People,F,,False,False,False,0,
200.0,NEW PERSON,SOCIAL WORK,561,776001.0,ESS Customer ID,F,,False,False,False,2,label contains 'id'
2.0,PATIENT,PATIENT FILE,314,0.01,NAME,RFXa,"X,a",True,False,False,0,
2.0,PATIENT,PATIENT FILE,314,0.0251,SEXUAL ORIENTATION FREE TEXT,FJ255a,"J,a",False,False,False,0,
2.0,PATIENT,PATIENT FILE,314,0.07,OCCUPATION,F,,False,False,False,0,
2.0,PATIENT,PATIENT FILE,314,0.09,SOCIAL SECURITY NUMBER,RFXa,"X,a",True,False,False,2,label contains 'number'
2.0,PATIENT,PATIENT FILE,314,0.091,REMARKS,F,,False,False,False,0,
2.0,PATIENT,PATIENT FILE,314,0.092,PLACE OF BIRTH [CITY],Fa,a,False,False,False,0,
2.0,PATIENT,PATIENT FILE,314,0.0932,PLACE OF BIRTH PROVINCE,FJ20a,"J,a",False,False,False,0,
2.0,PATIENT,PATIENT FILE,314,0.1,WARD LOCATION,FX,X,False,False,False,0,
2.0,PATIENT,PATIENT FILE,314,0.101,ROOM-BED,F,,False,False,False,0,
2.0,PATIENT,PATIENT FILE,314,0.107,LODGER WARD LOCATION,F,,False,False,False,0,
2.0,PATIENT,PATIENT FILE,314,0.111,STREET ADDRESS [LINE 1],FaXJ35,"J,X,a",False,False,False,2,label contains 'address'
2.0,PATIENT,PATIENT FILE,314,0.1112,ZIP+4,FXOa,"O,X,a",False,False,False,2,label contains 'zip'
2.0,PATIENT,PATIENT FILE,314,0.1119,MAILING ADDR OVERRIDE IND,FJ32,J,False,False,False,2,label contains 'id'
2.0,PATIENT,PATIENT FILE,314,0.112,STREET ADDRESS [LINE 2],Fa,a,False,False,False,2,label contains 'address'
2.0,PATIENT,PATIENT FILE,314,0.113,STREET ADDRESS [LINE 3],FaXJ30,"J,X,a",False,False,False,2,label contains 'address'
2.0,PATIENT,PATIENT FILE,314,0.114,CITY,FaXJ15,"J,X,a",False,False,False,0,
2.0,PATIENT,PATIENT FILE,314,0.1151,RESIDENTIAL ADDRESS [LINE 1],FJ35Xa,"J,X,a",False,False,False,2,label contains 'address'
2.0,PATIENT,PATIENT FILE,314,0.1152,RESIDENTIAL ADDRESS [LINE 2],FJ30aX,"J,X,a",False,False,False,2,label contains 'address'
2.0,PATIENT,PATIENT FILE,314,0.1153,RESIDENTIAL ADDRESS [LINE 3],FJ30aX,"J,X,a",False,False,False,2,label contains 'address'
2.0,PATIENT,PATIENT FILE,314,0.1154,RESIDENTIAL CITY,FJ15aX,"J,X,a",False,False,False,2,label contains 'id'
2.0,PATIENT,PATIENT FILE,314,0.1156,RESIDENTIAL ZIP+4,FaXJ20O,"J,O,X,a",False,False,False,2,label contains 'zip'
2.0,PATIENT,PATIENT FILE,314,0.11571,RESIDENTIAL PROVINCE,FaXJ20,"J,X,a",False,False,False,2,label contains 'id'
2.0,PATIENT,PATIENT FILE,314,0.11572,RESIDENTIAL POSTAL CODE,FaXJ10,"J,X,a",False,False,False,2,label contains 'code'
2.0,PATIENT,PATIENT FILE,314,0.11591,RESIDENTIAL ADDR OVERRIDE IND,FJ32,J,False,False,False,2,label contains 'id'
2.0,PATIENT,PATIENT FILE,314,0.116,ZIP CODE,F,,False,False,False,2,label contains 'zip'
2.0,PATIENT,PATIENT FILE,314,0.1171,PROVINCE,FaXJ20,"J,X,a",False,False,False,0,
2.0,PATIENT,PATIENT FILE,314,0.1172,POSTAL CODE,FaXJ10,"J,X,a",False,False,False,2,label contains 'code'
2.0,PATIENT,PATIENT FILE,314,0.1211,TEMPORARY STREET [LINE 1],FXJ30,"J,X",False,False,False,0,
2.0,PATIENT,PATIENT FILE,314,0.12112,TEMPORARY ZIP+4,FOX,"O,X",False,False,False,2,label contains 'zip'
2.0,PATIENT,PATIENT FILE,314,0.12117,TEMPORARY EXTENSION,FJ6,J,False,False,False,0,
2.0,PATIENT,PATIENT FILE,314,0.1212,TEMPORARY STREET [LINE 2],FXJ30,"J,X",False,False,False,0,
2.0,PATIENT,PATIENT FILE,314,0.1213,TEMPORARY STREET [LINE 3],FXJ30,"J,X",False,False,False,0,
2.0,PATIENT,PATIENT FILE,314,0.1214,TEMPORARY CITY,FXJ30,"J,X",False,False,False,0,
2.0,PATIENT,PATIENT FILE,314,0.1216,TEMPORARY ZIP CODE,FX,X,False,False,False,2,label contains 'zip'
2.0,PATIENT,PATIENT FILE,314,0.1219,TEMPORARY PHONE NUMBER,FX,X,False,False,False,2,label contains 'number'
2.0,PATIENT,PATIENT FILE,314,0.1221,TEMPORARY ADDRESS PROVINCE,FXJ20,"J,X",False,False,False,2,label contains 'address'
2.0,PATIENT,PATIENT FILE,314,0.1222,TEMPORARY ADDRESS POSTAL CODE,FXJ10,"J,X",False,False,False,2,label contains 'address'
2.0,PATIENT,PATIENT FILE,314,0.131,PHONE NUMBER [RESIDENCE],Fa,a,False,False,False,2,label contains 'number'
2.0,PATIENT,PATIENT FILE,314,0.1315,CONFIDENTIAL PHONE NUMBER,FXJ20,"J,X",False,False,False,2,label contains 'number'
2.0,PATIENT,PATIENT FILE,314,0.132,PHONE NUMBER [WORK],Fa,a,False,False,False,2,label contains 'number'
2.0,PATIENT,PATIENT FILE,314,0.13211,EXTENSION [RESIDENCE],FJ6,J,False,False,False,2,label contains 'id'
2.0,PATIENT,PATIENT FILE,314,0.13212,EXTENSION [CELLULAR],FJ6,J,False,False,False,0,
2.0,PATIENT,PATIENT FILE,314,0.13213,EXTENSION [WORK],FJ6,J,False,False,False,0,
2.0,PATIENT,PATIENT FILE,314,0.13214,CONFIDENTIAL EXTENSION,FJ6,J,False,False,False,2,label contains 'id'
2.0,PATIENT,PATIENT FILE,314,0.133,EMAIL ADDRESS,F,,False,False,False,2,label contains 'address'
2.0,PATIENT,PATIENT FILE,314,0.134,PHONE NUMBER [CELLULAR],FXa,"X,a",False,False,False,2,label contains 'number'
2.0,PATIENT,PATIENT FILE,314,0.135,PAGER NUMBER,FX,X,False,False,False,2,label contains 'number'
2.0,PATIENT,PATIENT FILE,314,0.1411,CONFIDENTIAL STREET [LINE 1],FXJ30,"J,X",False,False,False,2,label contains 'id'
2.0,PATIENT,PATIENT FILE,314,0.14114,CONFIDENTIAL ADDR PROVINCE,FXJ20,"J,X",False,False,False,2,label contains 'id'
2.0,PATIENT,PATIENT FILE,314,0.14115,CONFIDENTIAL ADDR POSTAL CODE,FXJ10,"J,X",False,False,False,2,label contains 'code'
2.0,PATIENT,PATIENT FILE,314,0.1412,CONFIDENTIAL STREET [LINE 2],FXJ30,"J,X",False,False,False,2,label contains 'id'
2.0,PATIENT,PATIENT FILE,314,0.141201,CONFIDENTIAL ADDR OVERRIDE IND,FJ32,J,False,False,False,2,label contains 'id'
2.0,PATIENT,PATIENT FILE,314,0.1413,CONFIDENTIAL STREET [LINE 3],FXJ30,"J,X",False,False,False,2,label contains 'id'
2.0,PATIENT,PATIENT FILE,314,0.1414,CONFIDENTIAL ADDRESS CITY,FXJ30,"J,X",False,False,False,2,label contains 'address'
2.0,PATIENT,PATIENT FILE,314,0.1416,CONFIDENTIAL ADDRESS ZIP CODE,FXO,"O,X",False,False,False,2,label contains 'address'
2.0,PATIENT,PATIENT FILE,314,0.1653,INELIGIBLE TWX CITY,FXI,"I,X",False,False,False,0,
2.0,PATIENT,PATIENT FILE,314,0.1656,INELIGIBLE VARO DECISION,FXI,"I,X",False,False,False,0,
2.0,PATIENT,PATIENT FILE,314,0.1658,MISSING PERSON TWX CITY,F,,False,False,False,0,
2.0,PATIENT,PATIENT FILE,314,0.21011,K-WORK PHONE NUMBER,F,,False,False,False,2,label contains 'number'
2.0,PATIENT,PATIENT FILE,314,0.2102,K2-PROVINCE,FJ20X,"J,X",False,False,False,0,
2.0,PATIENT,PATIENT FILE,314,0.2103,K2-POSTAL CODE,FJ10X,"J,X",False,False,False,2,label contains 'code'
2.0,PATIENT,PATIENT FILE,314,0.211,K-NAME OF PRIMARY NOK,Fa,a,False,False,False,0,
2.0,PATIENT,PATIENT FILE,314,0.211011,K2-WORK PHONE NUMBER,F,,False,False,False,2,label contains 'number'
2.0,PATIENT,PATIENT FILE,314,0.212,K-RELATIONSHIP TO PATIENT,FXa,"X,a",False,False,False,0,
2.0,PATIENT,PATIENT FILE,314,0.213,K-STREET ADDRESS [LINE 1],FX,X,False,False,False,2,label contains 'address'
2.0,PATIENT,PATIENT FILE,314,0.214,K-STREET ADDRESS [LINE 2],FX,X,False,False,False,2,label contains 'address'
2.0,PATIENT,PATIENT FILE,314,0.215,K-STREET ADDRESS [LINE 3],FX,X,False,False,False,2,label contains 'address'
2.0,PATIENT,PATIENT FILE,314,0.216,K-CITY,FX,X,False,False,False,0,
2.0,PATIENT,PATIENT FILE,314,0.218,K-ZIP CODE,FX,X,False,False,False,2,label contains 'zip'
2.0,PATIENT,PATIENT FILE,314,0.219,K-PHONE NUMBER,FXa,"X,a",False,False,False,2,label contains 'number'
2.0,PATIENT,PATIENT FILE,314,0.2191,K2-NAME OF SECONDARY NOK,FXaJ35,"J,X,a",False,False,False,0,
2.0,PATIENT,PATIENT FILE,314,0.2192,K2-RELATIONSHIP TO PATIENT,FXa,"X,a",False,False,False,0,
2.0,PATIENT,PATIENT FILE,314,0.2193,K2-STREET ADDRESS [LINE 1],FX,X,False,False,False,2,label contains 'address'
2.0,PATIENT,PATIENT FILE,314,0.2194,K2-STREET ADDRESS [LINE 2],FX,X,False,False,False,2,label contains 'address'
2.0,PATIENT,PATIENT FILE,314,0.2195,K2-STREET ADDRESS [LINE 3],FX,X,False,False,False,2,label contains 'address'
2.0,PATIENT,PATIENT FILE,314,0.2196,K2-CITY,FX,X,False,False,False,0,
2.0,PATIENT,PATIENT FILE,314,0.2198,K2-ZIP CODE,FX,X,False,False,False,2,label contains 'zip'
2.0,PATIENT,PATIENT FILE,314,0.2199,K2-PHONE NUMBER,FXa,"X,a",False,False,False,2,label contains 'number'
2.0,PATIENT,PATIENT FILE,314,0.2201,E-ZIP+4,FOX,"O,X",False,False,False,2,label contains 'zip'
2.0,PATIENT,PATIENT FILE,314,0.2202,D-ZIP+4,FOX,"O,X",False,False,False,2,label contains 'zip'
2.0,PATIENT,PATIENT FILE,314,0.2203,K2-ZIP+4,FOX,"O,X",False,False,False,2,label contains 'zip'
2.0,PATIENT,PATIENT FILE,314,0.2204,E2-ZIP+4,FOX,"O,X",False,False,False,2,label contains 'zip'
2.0,PATIENT,PATIENT FILE,314,0.2205,EMPLOYER ZIP+4,FOX,"O,X",False,False,False,2,label contains 'zip'
2.0,PATIENT,PATIENT FILE,314,0.2206,SPOUSE'S EMP ZIP+4,FOX,"O,X",False,False,False,2,label contains 'zip'
2.0,PATIENT,PATIENT FILE,314,0.2207,K-ZIP+4,FOX,"O,X",False,False,False,2,label contains 'zip'
2.0,PATIENT,PATIENT FILE,314,0.222,K-PROVINCE,FJ20X,"J,X",False,False,False,0,
2.0,PATIENT,PATIENT FILE,314,0.223,K-POSTAL CODE,FJ10X,"J,X",False,False,False,2,label contains 'code'
2.0,PATIENT,PATIENT FILE,314,0.2401,FATHER'S NAME,F,,False,False,False,0,
2.0,PATIENT,PATIENT FILE,314,0.2402,MOTHER'S NAME,F,,False,False,False,0,
2.0,PATIENT,PATIENT FILE,314,0.2403,MOTHER'S MAIDEN NAME,Fa,a,False,False,False,2,label contains 'id'
2.0,PATIENT,PATIENT FILE,314,0.2405,PREFERRED NAME,FJ25Xa,"J,X,a",False,False,False,0,
2.0,PATIENT,PATIENT FILE,314,0.24061,PRONOUN DESCRIPTION,FJ255a,"J,a",False,False,False,0,
2.0,PATIENT,PATIENT FILE,314,0.251,SPOUSE'S EMPLOYER NAME,FX,X,False,False,False,0,
2.0,PATIENT,PATIENT FILE,314,0.2514,SPOUSE'S OCCUPATION,F,,False,False,False,0,
2.0,PATIENT,PATIENT FILE,314,0.252,SPOUSE'S EMP STREET [LINE 1],FX,X,False,False,False,0,
2.0,PATIENT,PATIENT FILE,314,0.253,SPOUSE'S EMP STREET [LINE 2],FX,X,False,False,False,0,
2.0,PATIENT,PATIENT FILE,314,0.254,SPOUSE'S EMP STREET [LINE 3],FX,X,False,False,False,0,
2.0,PATIENT,PATIENT FILE,314,0.255,SPOUSE'S EMPLOYER'S CITY,FX,X,False,False,False,0,
2.0,PATIENT,PATIENT FILE,314,0.257,SPOUSE'S EMP ZIP CODE,FX,X,False,False,False,2,label contains 'zip'
2.0,PATIENT,PATIENT FILE,314,0.258,SPOUSE'S EMP PHONE NUMBER,FOX,"O,X",False,False,False,2,label contains 'number'
2.0,PATIENT,PATIENT FILE,314,0.290012,ZIP+4 (CIVIL),FOX,"O,X",False,False,False,2,label contains 'zip'
2.0,PATIENT,PATIENT FILE,314,0.29013,ZIP+4 (VA),FOX,"O,X",False,False,False,2,label contains 'zip'
2.0,PATIENT,PATIENT FILE,314,0.2912,GUARDIAN (VA),F,,False,False,False,0,
2.0,PATIENT,PATIENT FILE,314,0.2913,RELATIONSHIP (VA),F,,False,False,False,0,
2.0,PATIENT,PATIENT FILE,314,0.2914,STREET ADDRESS 1 (VA),F,,False,False,False,2,label contains 'address'
2.0,PATIENT,PATIENT FILE,314,0.2915,STREET ADDRESS 2 (VA),F,,False,False,False,2,label contains 'address'
2.0,PATIENT,PATIENT FILE,314,0.2916,CITY (VA),F,,False,False,False,0,
2.0,PATIENT,PATIENT FILE,314,0.2918,ZIP (VA),F,,False,False,False,2,label contains 'zip'
2.0,PATIENT,PATIENT FILE,314,0.2919,PHONE (VA),F,,False,False,False,2,label contains 'phone'
2.0,PATIENT,PATIENT FILE,314,0.2921,INSTITUTION (CIVIL),F,,False,False,False,0,
2.0,PATIENT,PATIENT FILE,314,0.2922,GUARDIAN (CIVIL),F,,False,False,False,0,
2.0,PATIENT,PATIENT FILE,314,0.2923,RELATIONSHIP (CIVIL),F,,False,False,False,0,
2.0,PATIENT,PATIENT FILE,314,0.2924,STREET ADDRESS 1 (CIVIL),F,,False,False,False,2,label contains 'address'
2.0,PATIENT,PATIENT FILE,314,0.2925,STREET ADDRESS 2 (CIVIL),F,,False,False,False,2,label contains 'address'
2.0,PATIENT,PATIENT FILE,314,0.2926,CITY (CIVIL),F,,False,False,False,0,
2.0,PATIENT,PATIENT FILE,314,0.2928,ZIP (CIVIL),F,,False,False,False,2,label contains 'zip'
2.0,PATIENT,PATIENT FILE,314,0.2929,PHONE (CIVIL),F,,False,False,False,2,label contains 'phone'
2.0,PATIENT,PATIENT FILE,314,0.307,INELIGIBLE REASON,FXI,"I,X",False,False,False,0,
2.0,PATIENT,PATIENT FILE,314,0.3111,EMPLOYER NAME,FX,X,False,False,False,0,
2.0,PATIENT,PATIENT FILE,314,0.3113,EMPLOYER STREET [LINE 1],FX,X,False,False,False,0,
2.0,PATIENT,PATIENT FILE,314,0.3114,EMPLOYER STREET [LINE 2],FX,X,False,False,False,0,
2.0,PATIENT,PATIENT FILE,314,0.3115,EMPLOYER STREET [LINE 3],FX,X,False,False,False,0,
2.0,PATIENT,PATIENT FILE,314,0.3116,EMPLOYER CITY,FX,X,False,False,False,0,
2.0,PATIENT,PATIENT FILE,314,0.3118,EMPLOYER ZIP CODE,FX,X,False,False,False,2,label contains 'zip'
2.0,PATIENT,PATIENT FILE,314,0.3119,EMPLOYER PHONE NUMBER,FX,X,False,False,False,2,label contains 'number'
2.0,PATIENT,PATIENT FILE,314,0.312,*CLAIM FOLDER LOCATION,F,,False,False,False,0,
2.0,PATIENT,PATIENT FILE,314,0.313,CLAIM NUMBER,FXOa,"O,X,a",False,False,False,2,label contains 'number'
2.0,PATIENT,PATIENT FILE,314,0.321703,CAMP LEJEUNE CHANGE SITE,FI,I,False,False,False,0,
2.0,PATIENT,PATIENT FILE,314,0.321704,CAMP LEJEUNE SOURCE,FI,I,False,False,False,0,
2.0,PATIENT,PATIENT FILE,314,0.328,SERVICE NUMBER [LAST],FX,X,False,False,False,2,label contains 'number'
2.0,PATIENT,PATIENT FILE,314,0.3294,SERVICE NUMBER [NTL],FX,X,False,False,False,2,label contains 'number'
2.0,PATIENT,PATIENT FILE,314,0.3299,SERVICE NUMBER [NNTL],FX,X,False,False,False,2,label contains 'number'
2.0,PATIENT,PATIENT FILE,314,0.33011,E-WORK PHONE NUMBER,F,,False,False,False,2,label contains 'number'
2.0,PATIENT,PATIENT FILE,314,0.3307,E-PROVINCE,FJ20X,"J,X",False,False,False,0,
2.0,PATIENT,PATIENT FILE,314,0.3308,E-POSTAL CODE,FJ10X,"J,X",False,False,False,2,label contains 'code'
2.0,PATIENT,PATIENT FILE,314,0.331,E-NAME,Fa,a,False,False,False,0,
2.0,PATIENT,PATIENT FILE,314,0.331011,E2-WORK PHONE NUMBER,F,,False,False,False,2,label contains 'number'
2.0,PATIENT,PATIENT FILE,314,0.331013,E2-PROVINCE,FJ20,J,False,False,False,0,
2.0,PATIENT,PATIENT FILE,314,0.331014,E2-POSTAL CODE,FJ10X,"J,X",False,False,False,2,label contains 'code'
2.0,PATIENT,PATIENT FILE,314,0.3311,E2-NAME OF SECONDARY CONTACT,FXa,"X,a",False,False,False,0,
2.0,PATIENT,PATIENT FILE,314,0.3312,E2-RELATIONSHIP TO PATIENT,FXaJ30,"J,X,a",False,False,False,0,
2.0,PATIENT,PATIENT FILE,314,0.3313,E2-STREET ADDRESS [LINE 1],FX,X,False,False,False,2,label contains 'address'
2.0,PATIENT,PATIENT FILE,314,0.3314,E2-STREET ADDRESS [LINE 2],FX,X,False,False,False,2,label contains 'address'
2.0,PATIENT,PATIENT FILE,314,0.3315,E2-STREET ADDRESS [LINE 3],FX,X,False,False,False,2,label contains 'address'
2.0,PATIENT,PATIENT FILE,314,0.3316,E2-CITY,FX,X,False,False,False,0,
2.0,PATIENT,PATIENT FILE,314,0.3318,E2-ZIP CODE,FX,X,False,False,False,2,label contains 'zip'
2.0,PATIENT,PATIENT FILE,314,0.3319,E2-PHONE NUMBER,FXa,"X,a",False,False,False,2,label contains 'number'
2.0,PATIENT,PATIENT FILE,314,0.332,E-RELATIONSHIP TO PATIENT,FXa,"X,a",False,False,False,0,
2.0,PATIENT,PATIENT FILE,314,0.333,E-STREET ADDRESS [LINE 1],FX,X,False,False,False,2,label contains 'address'
2.0,PATIENT,PATIENT FILE,314,0.334,E-STREET ADDRESS [LINE 2],FX,X,False,False,False,2,label contains 'address'
2.0,PATIENT,PATIENT FILE,314,0.335,E-STREET ADDRESS [LINE 3],FX,X,False,False,False,2,label contains 'address'
2.0,PATIENT,PATIENT FILE,314,0.336,E-CITY,FX,X,False,False,False,0,
2.0,PATIENT,PATIENT FILE,314,0.338,E-ZIP CODE,FX,X,False,False,False,2,label contains 'zip'
2.0,PATIENT,PATIENT FILE,314,0.339,E-PHONE NUMBER,FXa,"X,a",False,False,False,2,label contains 'number'
2.0,PATIENT,PATIENT FILE,314,0.34011,D-WORK PHONE NUMBER,F,,False,False,False,2,label contains 'number'
2.0,PATIENT,PATIENT FILE,314,0.34013,D-PROVINCE,FJ20,J,False,False,False,0,
2.0,PATIENT,PATIENT FILE,314,0.34014,D-POSTAL CODE,FJ10X,"J,X",False,False,False,2,label contains 'code'
2.0,PATIENT,PATIENT FILE,314,0.341,D-NAME OF DESIGNEE,Fa,a,False,False,False,0,
2.0,PATIENT,PATIENT FILE,314,0.342,D-RELATIONSHIP TO PATIENT,FXa,"X,a",False,False,False,0,
2.0,PATIENT,PATIENT FILE,314,0.343,D-STREET ADDRESS [LINE 1],FX,X,False,False,False,2,label contains 'address'
2.0,PATIENT,PATIENT FILE,314,0.344,D-STREET ADDRESS [LINE 2],FX,X,False,False,False,2,label contains 'address'
2.0,PATIENT,PATIENT FILE,314,0.345,D-STREET ADDRESS [LINE 3],FX,X,False,False,False,2,label contains 'address'
2.0,PATIENT,PATIENT FILE,314,0.346,D-CITY,FX,X,False,False,False,0,
2.0,PATIENT,PATIENT FILE,314,0.348,D-ZIP CODE,FX,X,False,False,False,2,label contains 'zip'
2.0,PATIENT,PATIENT FILE,314,0.349,D-PHONE NUMBER,FXa,"X,a",False,False,False,2,label contains 'number'
2.0,PATIENT,PATIENT FILE,314,0.3615,ELIGIBILITY VERIF. METHOD,FX,X,False,False,False,0,
2.0,PATIENT,PATIENT FILE,314,0.363,PRIMARY LONG ID,F,,False,False,False,2,label contains 'id'
2.0,PATIENT,PATIENT FILE,314,0.364,PRIMARY SHORT ID,F,,False,False,False,2,label contains 'id'
2.0,PATIENT,PATIENT FILE,314,0.383,MEDICAID NUMBER,F,,False,False,False,2,label contains 'number'
2.0,PATIENT,PATIENT FILE,314,0.391,DECIDED BY,F,,False,False,False,2,label contains 'id'
2.0,PATIENT,PATIENT FILE,314,991.02,ICN CHECKSUM,Fa,a,False,False,True,1,has description
2.0,PATIENT,PATIENT FILE,314,991.08,TEMPORARY ID NUMBER,Fa,a,False,False,True,3,label contains 'number'; has description
2.0,PATIENT,PATIENT FILE,314,991.09,FOREIGN ID NUMBER,Fa,a,False,False,True,3,label contains 'number'; has description
2.0,PATIENT,PATIENT FILE,314,991.1,FULL ICN,FXa,"X,a",False,False,True,1,has description
2.0,PATIENT,PATIENT FILE,314,1010.163,APPOINTMENT REQUEST COMMENT,F,,False,False,True,1,has description
2.0,PATIENT,PATIENT FILE,314,1100.09,FFF REMOVAL REMARKS,F,,False,False,True,1,has description
2.0,PATIENT,PATIENT FILE,314,537025.0,NETWORK IDENTIFIER,F,,False,False,True,3,label contains 'id'; has description
2.0,PATIENT,PATIENT FILE,314,537033.0,MHV REGISTER DECLINED TEXT,F,,False,False,True,1,has description
2.0,PATIENT,PATIENT FILE,314,537034.0,MHV AUTH DECLINED TEXT,F,,False,False,True,1,has description
2.0,PATIENT,PATIENT FILE,314,537035.0,MHV MSG DECLINED TEXT,F,,False,False,True,1,has description
4.0,INSTITUTION,KERNEL,209,0.05,SHORT NAME,F,,False,False,False,0,
4.0,INSTITUTION,KERNEL,209,1.01,STREET ADDR. 1,F,,False,False,True,1,has description
4.0,INSTITUTION,KERNEL,209,1.02,STREET ADDR. 2,F,,False,False,True,1,has description
4.0,INSTITUTION,KERNEL,209,1.03,CITY,F,,False,False,True,1,has description
4.0,INSTITUTION,KERNEL,209,1.04,ZIP,FX,X,False,False,True,3,label contains 'zip'; has description
4.0,INSTITUTION,KERNEL,209,4.01,ST. ADDR. 1 (MAILING),F,,False,False,True,1,has description
4.0,INSTITUTION,KERNEL,209,4.02,ST. ADDR. 2 (MAILING),F,,False,False,True,1,has description
4.0,INSTITUTION,KERNEL,209,4.03,CITY (MAILING),F,,False,False,True,1,has description
4.0,INSTITUTION,KERNEL,209,4.05,ZIP (MAILING),FX,X,False,False,True,3,label contains 'zip'; has description
4.0,INSTITUTION,KERNEL,209,41.99,NPI,RFX,X,True,False,True,1,has description
4.0,INSTITUTION,KERNEL,209,51.0,ACOS HOSPITAL ID,F,,False,False,True,3,label contains 'id'; has description
4.0,INSTITUTION,KERNEL,209,52.0,FACILITY DEA NUMBER,FX,X,False,False,True,3,label contains 'number'; has description
4.0,INSTITUTION,KERNEL,209,99.0,STATION NUMBER,FX,X,False,False,True,3,label contains 'number'; has description
4.0,INSTITUTION,KERNEL,209,100.0,OFFICIAL VA NAME,FX,X,False,False,True,1,has description
4.0,INSTITUTION,KERNEL,209,200.0,BILLING FACILITY NAME,FX,X,False,False,True,1,has description
44.0,HOSPITAL LOCATION,SCHEDULING,115,0.01,NAME,RFa,a,True,False,False,0,
44.0,HOSPITAL LOCATION,SCHEDULING,115,1.0,ABBREVIATION,F,,False,False,True,1,has description
44.0,HOSPITAL LOCATION,SCHEDULING,115,5.0,DEFAULT DEVICE,F,,False,False,True,1,has description
44.0,HOSPITAL LOCATION,SCHEDULING,115,7.0,VISIT LOCATION,F,,False,False,True,1,has description
44.0,HOSPITAL LOCATION,SCHEDULING,115,10.0,PHYSICAL LOCATION,F,,False,False,True,1,has description
44.0,HOSPITAL LOCATION,SCHEDULING,115,11.0,*OKC A,F,,False,False,False,0,
44.0,HOSPITAL LOCATION,SCHEDULING,115,12.0,*OKC B,F,,False,False,False,0,
44.0,HOSPITAL LOCATION,SCHEDULING,115,15.0,CATEGORY OF VISIT,F,,False,False,True,1,has description
44.0,HOSPITAL LOCATION,SCHEDULING,115,29.0,*CLINIC SERVICES RESOURCE,FI,I,False,False,True,1,has description
44.0,HOSPITAL LOCATION,SCHEDULING,115,60.0,PATIENT FRIENDLY NAME,F,,False,False,True,1,has description
44.0,HOSPITAL LOCATION,SCHEDULING,115,99.0,TELEPHONE,F,,False,False,True,3,label contains 'phone'; has description
44.0,HOSPITAL LOCATION,SCHEDULING,115,99.1,TELEPHONE EXTENSION,F,,False,False,True,3,label contains 'phone'; has description
44.0,HOSPITAL LOCATION,SCHEDULING,115,100.0,EAS TRACKING NUMBER,FJ40a,"J,a",False,False,True,3,label contains 'number'; has description
44.0,HOSPITAL LOCATION,SCHEDULING,115,200.0,PBSP ID,FJ100,J,False,False,True,3,label contains 'id'; has description
44.0,HOSPITAL LOCATION,SCHEDULING,115,2007.0,*COMMUNICATION FORMAT,F,,False,False,False,0,
44.0,HOSPITAL LOCATION,SCHEDULING,115,2008.0,*RECORD REQUEST DEVICE,F,,False,False,False,0,
44.0,HOSPITAL LOCATION,SCHEDULING,115,2900.0,CLINIC HASH,FJ120I,"I,J",False,False,True,1,has description
5.0,STATE,PATIENT FILE,81,1.0,ABBREVIATION,RF,,True,False,True,1,has description
5.0,STATE,PATIENT FILE,81,2.0,VA STATE CODE,F,,False,False,True,3,label contains 'code'; has description
5.0,STATE,PATIENT FILE,81,5.0,CAPITAL,F,,False,False,True,1,has description
40.8,MEDICAL CENTER DIVISION,REGISTRATION,53,0.01,NAME,RF,,True,False,False,0,
40.8,MEDICAL CENTER DIVISION,REGISTRATION,53,1.0,FACILITY NUMBER,RF,,True,False,True,3,label contains 'number'; has description
40.8,MEDICAL CENTER DIVISION,REGISTRATION,53,7.0,DEFAULT 1010 PRINTER,FX,X,False,False,True,1,has description
40.8,MEDICAL CENTER DIVISION,REGISTRATION,53,8.0,DEFAULT DRUG PROFILE PRINTER,FX,X,False,False,True,1,has description
40.8,MEDICAL CENTER DIVISION,REGISTRATION,53,9.0,DEFAULT ROUTING SLIP PRINTER,FX,X,False,False,True,1,has description
40.8,MEDICAL CENTER DIVISION,REGISTRATION,53,9.1,DIVISION PTF PRINTER,FX,X,False,False,True,1,has description
40.8,MEDICAL CENTER DIVISION,REGISTRATION,53,30.02,OP LAB TEST START TIME,FX,X,False,False,True,3,label contains 'time'; has description
40.8,MEDICAL CENTER DIVISION,REGISTRATION,53,30.03,OP EKG START TIME,FX,X,False,False,True,3,label contains 'time'; has description
40.8,MEDICAL CENTER DIVISION,REGISTRATION,53,30.04,OP X-RAY START TIME,FX,X,False,False,True,3,label contains 'time'; has description
40.8,MEDICAL CENTER DIVISION,REGISTRATION,53,35.02,MEANS TEST TEXT,FX,X,False,False,True,1,has description
40.8,MEDICAL CENTER DIVISION,REGISTRATION,53,100.09,INCOMPLETE SUMMARIES MESSAGE,F,,False,False,True,1,has description
3.5,DEVICE,KERNEL,49,0.01,NAME,RFXa,"X,a",True,False,False,0,
3.5,DEVICE,KERNEL,49,0.02,LOCATION OF TERMINAL,RFa,a,True,False,False,0,
3.5,DEVICE,KERNEL,49,0.04,LOCAL SYNONYM,F,,False,False,False,0,
3.5,DEVICE,KERNEL,49,1.0,$I,RFXaJ250,"J,X,a",True,False,True,1,has description
3.5,DEVICE,KERNEL,49,1.9,VOLUME SET(CPU),FX,X,False,False,True,1,has description
3.5,DEVICE,KERNEL,49,7.0,NEAREST PHONE,F,,False,False,True,3,label contains 'phone'; has description
3.5,DEVICE,KERNEL,49,8.0,KEY OPERATOR,F,,False,False,True,1,has description
3.5,DEVICE,KERNEL,49,15.0,SECURITY,FX,X,False,False,True,1,has description
3.5,DEVICE,KERNEL,49,17.0,FORM CURRENTLY MOUNTED,F,,False,False,True,1,has description
3.5,DEVICE,KERNEL,49,19.0,OPEN PARAMETERS,FX,X,False,False,True,1,has description
3.5,DEVICE,KERNEL,49,19.3,CLOSE PARAMETERS,F,,False,False,True,1,has description
3.5,DEVICE,KERNEL,49,19.5,USE PARAMETERS,F,,False,False,True,1,has description
3.5,DEVICE,KERNEL,49,27.0,PASSWORD,F,,False,False,True,1,has description
3.5,DEVICE,KERNEL,49,51.12,*RESERVED,F,,False,False,False,0,
3.5,DEVICE,KERNEL,49,51.13,*RESERVED,F,,False,False,False,0,
3.5,DEVICE,KERNEL,49,51.14,*RESERVED,F,,False,False,False,0,
3.5,DEVICE,KERNEL,49,51.15,*RESERVED,F,,False,False,False,0,
3.5,DEVICE,KERNEL,49,51.7,*RESERVED,F,,False,False,False,0,
3.5,DEVICE,KERNEL,49,51.8,TIED ROUTINE,F,,False,False,True,1,has description
3.5,DEVICE,KERNEL,49,52.0,SECONDARY $I,FX,X,False,False,True,1,has description
3.5,DEVICE,KERNEL,49,61.0,LAT SERVER NODE,FX,X,False,False,True,1,has description
3.5,DEVICE,KERNEL,49,62.0,LAT SERVER PORT,F,,False,False,True,1,has description
3.5,DEVICE,KERNEL,49,65.0,PRINT SERVER NAME OR ADDRESS,F,,False,False,True,3,label contains 'address'; has description
3.5,DEVICE,KERNEL,49,67.0,REMOTE PRINTER NAME,F,,False,False,True,1,has description
3.5,DEVICE,KERNEL,49,75.0,WINDOWS NETWORK PRINTER NAME,F,,False,False,True,1,has description
3.5,DEVICE,KERNEL,49,2009.0,PROHIBITED TIMES FOR SIGN-ON,FX,X,False,False,True,3,label contains 'time'; has description
3.8,MAIL GROUP,MAILMAN,43,0.01,NAME,RFX,X,True,False,False,0,
9000010.0,VISIT,(unpackaged),41,2101.0,OUTSIDE LOCATION,F,,False,False,True,3,label contains 'id'; has description
9000010.0,VISIT,(unpackaged),41,15001.0,VISIT ID,RFI,I,True,False,True,3,label contains 'id'; has description
9000010.0,VISIT,(unpackaged),41,81101.0,COMMENTS,FJ245,J,False,False,True,1,has description
1.0,FILE,(unpackaged),40,0.01,NAME,RF,,True,False,False,0,
100.0,ORDER,ORDER ENTRY/RESULTS REPORTING,38,33.0,PACKAGE REFERENCE,F,,False,False,True,1,has description
100.0,ORDER,ORDER ENTRY/RESULTS REPORTING,38,65.0,DC REASON TEXT,F,,False,False,True,1,has description
100.0,ORDER,ORDER ENTRY/RESULTS REPORTING,38,73.0,FINDINGS,F,,False,False,True,1,has description
100.0,ORDER,ORDER ENTRY/RESULTS REPORTING,38,110.0,TEMPORARY DEA# STORAGE,FJ25,J,False,False,True,1,has description
49.0,SERVICE/SECTION,INTERIM MANAGEMENT SUPPORT,37,0.01,NAME,FR,R,False,False,False,0,
49.0,SERVICE/SECTION,INTERIM MANAGEMENT SUPPORT,37,1.0,ABBREVIATION,F,,False,False,True,1,has description
49.0,SERVICE/SECTION,INTERIM MANAGEMENT SUPPORT,37,1.5,MAIL SYMBOL,F,,False,False,True,1,has description
49.0,SERVICE/SECTION,INTERIM MANAGEMENT SUPPORT,37,6.0,LOCATION,F,,False,False,True,1,has description
49.0,SERVICE/SECTION,INTERIM MANAGEMENT SUPPORT,37,9.0,MIS COSTING CODE,F,,False,False,True,3,label contains 'code'; has description
49.0,SERVICE/SECTION,INTERIM MANAGEMENT SUPPORT,37,10.0,COST CENTER,FX,X,False,False,True,1,has description
80.0,ICD DIAGNOSIS,DRG GROUPER,35,0.01,CODE NUMBER,RF,,True,False,False,2,label contains 'number'
80.0,ICD DIAGNOSIS,DRG GROUPER,35,1.2,IDENTIFIER,F,,False,False,True,3,label contains 'id'; has description
81.0,CPT,REGISTRATION,35,0.01,CPT CODE,RFI,I,True,False,False,2,label contains 'cpt'
81.0,CPT,REGISTRATION,35,2.0,SHORT NAME,FX,X,False,False,True,1,has description
9.4,PACKAGE,KERNEL,33,0.01,NAME,RFJ50,J,True,False,False,0,
9.4,PACKAGE,KERNEL,33,1.0,PREFIX,RFX,X,True,False,True,1,has description
9.4,PACKAGE,KERNEL,33,2.0,SHORT DESCRIPTION,RF,,True,False,True,1,has description
9.4,PACKAGE,KERNEL,33,10.0,DEVELOPER (PERSON/SITE),F,,False,False,True,1,has description
9.4,PACKAGE,KERNEL,33,11.01,DEVELOPMENT ISC,F,,False,False,True,1,has description
9.4,PACKAGE,KERNEL,33,13.0,CURRENT VERSION,F,,False,False,True,1,has description
9.4,PACKAGE,KERNEL,33,913.0,ENVIRONMENT CHECK ROUTINE,F,,False,False,True,1,has description
9.4,PACKAGE,KERNEL,33,914.0,POST-INITIALIZATION ROUTINE,F,,False,False,True,1,has description
9.4,PACKAGE,KERNEL,33,916.0,PRE-INIT AFTER USER COMMIT,F,,False,False,True,1,has description
405.0,PATIENT MOVEMENT,REGISTRATION,32,0.1,DIAGNOSIS [SHORT],RFX,X,True,False,False,0,
405.0,PATIENT MOVEMENT,REGISTRATION,32,30.02,LODGING COMMENTS,F,,False,False,True,1,has description
50.0,DRUG,CONTROLLED SUBSTANCES,30,0.01,GENERIC NAME,RFXa,"X,a",True,False,False,0,
50.0,DRUG,CONTROLLED SUBSTANCES,30,2.0,VA CLASSIFICATION,FX,X,False,False,True,1,has description
50.0,DRUG,CONTROLLED SUBSTANCES,30,3.0,"DEA, SPECIAL HDLG",FX,X,False,False,True,1,has description
50.0,DRUG,CONTROLLED SUBSTANCES,30,5.0,STANDARD SIG,FX,X,False,False,True,1,has description
50.0,DRUG,CONTROLLED SUBSTANCES,30,6.0,FSN,F,,False,False,True,1,has description
50.0,DRUG,CONTROLLED SUBSTANCES,30,8.0,WARNING LABEL,FX,X,False,False,True,1,has description
50.0,DRUG,CONTROLLED SUBSTANCES,30,8.1,NEW WARNING LABEL LIST,FX,X,False,False,True,1,has description
50.0,DRUG,CONTROLLED SUBSTANCES,30,14.5,DISPENSE UNIT,Fa,a,False,False,True,1,has description
50.0,DRUG,CONTROLLED SUBSTANCES,30,17.0,SOURCE OF SUPPLY,F,,False,False,True,1,has description
50.0,DRUG,CONTROLLED SUBSTANCES,30,17.5,MONITOR ROUTINE,F,,False,False,True,1,has description
50.0,DRUG,CONTROLLED SUBSTANCES,30,21.0,VA PRODUCT NAME,F,,False,False,True,1,has description
50.0,DRUG,CONTROLLED SUBSTANCES,30,27.0,CMOP ID,F,,False,False,True,3,label contains 'id'; has description
50.0,DRUG,CONTROLLED SUBSTANCES,30,31.0,NDC,FX,X,False,False,True,3,label contains 'ndc'; has description
50.0,DRUG,CONTROLLED SUBSTANCES,30,40.0,ACTION PROFILE MESSAGE (OP),F,,False,False,True,1,has description
50.0,DRUG,CONTROLLED SUBSTANCES,30,62.01,DAY (nD) or DOSE (nL) LIMIT,FX,X,False,False,True,1,has description
50.0,DRUG,CONTROLLED SUBSTANCES,30,62.04,UNIT DOSE SCHEDULE,FX,X,False,False,True,1,has description
50.0,DRUG,CONTROLLED SUBSTANCES,30,63.0,APPLICATION PACKAGES' USE,FIa,"I,a",False,False,True,1,has description
50.0,DRUG,CONTROLLED SUBSTANCES,30,101.0,MESSAGE,F,,False,False,True,1,has description
50.0,DRUG,CONTROLLED SUBSTANCES,30,102.0,RESTRICTION,F,,False,False,True,1,has description
50.0,DRUG,CONTROLLED SUBSTANCES,30,212.2,ATC MNEMONIC,F,,False,False,True,1,has description
50.0,DRUG,CONTROLLED SUBSTANCES,30,215.0,QUANTITY DISPENSE MESSAGE,FX,X,False,False,True,1,has description
50.0,DRUG,CONTROLLED SUBSTANCES,30,300.0,INPATIENT PHARMACY LOCATION,F,,False,False,True,1,has description
50.0,DRUG,CONTROLLED SUBSTANCES,30,623008.0,*MONITOR ROUTINE,F,,False,False,True,1,has description
4.2,DOMAIN,MAILMAN,27,0.01,NAME,RFX,X,True,False,False,0,
4.2,DOMAIN,MAILMAN,27,1.0,FLAGS,FX,X,False,False,True,1,has description
4.2,DOMAIN,MAILMAN,27,1.5,SECURITY KEY,FX,X,False,False,True,1,has description
4.2,DOMAIN,MAILMAN,27,5.5,STATION,F,,False,False,True,1,has description
4.2,DOMAIN,MAILMAN,27,6.0,MCTS ROUTING INDICATOR,F,,False,False,True,1,has description
4.2,DOMAIN,MAILMAN,27,6.2,DHCP ROUTING INDICATOR,F,,False,False,True,1,has description
4.2,DOMAIN,MAILMAN,27,6.5,MAILMAN HOST,F,,False,False,True,1,has description
4.2,DOMAIN,MAILMAN,27,6.6,FTP BLOB IP ADDRESS,FX,X,False,False,True,3,label contains 'address'; has description
4.2,DOMAIN,MAILMAN,27,6.62,FTP,FX,X,False,False,True,1,has description
4.2,DOMAIN,MAILMAN,27,6.7,FTP BLOB DIRECTORY,F,,False,False,True,1,has description
4.2,DOMAIN,MAILMAN,27,17.0,PHYSICAL LINK DEVICE,FX,X,False,False,True,1,has description
36.0,INSURANCE COMPANY,REGISTRATION,24,0.01,NAME,RFXa,"X,a",True,False,False,0,
36.0,INSURANCE COMPANY,REGISTRATION,24,0.07,DIFFERENT REVENUE CODES TO USE,FX,X,False,False,False,2,label contains 'code'
36.0,INSURANCE COMPANY,REGISTRATION,24,0.1,ATTENDING PHYSICIAN ID.,F,,False,False,False,2,label contains 'id'
36.0,INSURANCE COMPANY,REGISTRATION,24,0.11,*HOSPITAL PROVIDER NUMBER,F,,False,False,False,2,label contains 'number'
36.0,INSURANCE COMPANY,REGISTRATION,24,0.111,STREET ADDRESS [LINE 1],RFXa,"X,a",True,False,False,2,label contains 'address'
36.0,INSURANCE COMPANY,REGISTRATION,24,0.112,STREET ADDRESS [LINE 2],FXa,"X,a",False,False,False,2,label contains 'address'
36.0,INSURANCE COMPANY,REGISTRATION,24,0.113,STREET ADDRESS [LINE 3],FXa,"X,a",False,False,False,2,label contains 'address'
36.0,INSURANCE COMPANY,REGISTRATION,24,0.114,CITY,FX,X,False,False,False,0,
36.0,INSURANCE COMPANY,REGISTRATION,24,0.116,ZIP CODE,FJ10XO,"J,O,X",False,False,False,2,label contains 'zip'
36.0,INSURANCE COMPANY,REGISTRATION,24,0.117,BILLING COMPANY NAME,F,,False,False,False,0,
36.0,INSURANCE COMPANY,REGISTRATION,24,0.119,FAX NUMBER,F,,False,False,False,2,label contains 'number'
36.0,INSURANCE COMPANY,REGISTRATION,24,0.12,FILING TIME FRAME,F,,False,False,False,2,label contains 'time'
36.0,INSURANCE COMPANY,REGISTRATION,24,0.121,CLAIMS (INPT) STREET ADDRESS 1,FX,X,False,False,False,2,label contains 'address'
36.0,INSURANCE COMPANY,REGISTRATION,24,0.122,CLAIMS (INPT) STREET ADDRESS 2,FX,X,False,False,False,2,label contains 'address'
36.0,INSURANCE COMPANY,REGISTRATION,24,0.123,CLAIMS (INPT) STREET ADDRESS 3,FX,X,False,False,False,2,label contains 'address'
36.0,INSURANCE COMPANY,REGISTRATION,24,0.124,CLAIMS (INPT) PROCESS CITY,F,,False,False,False,0,
36.0,INSURANCE COMPANY,REGISTRATION,24,0.126,CLAIMS (INPT) PROCESS ZIP,FJ10XO,"J,O,X",False,False,False,2,label contains 'zip'
36.0,INSURANCE COMPANY,REGISTRATION,24,0.129,CLAIMS (INPT) FAX,F,,False,False,False,0,
36.0,INSURANCE COMPANY,REGISTRATION,24,0.131,PHONE NUMBER,FX,X,False,False,False,2,label contains 'number'
36.0,INSURANCE COMPANY,REGISTRATION,24,0.1311,CLAIMS (RX) PHONE NUMBER,F,,False,False,False,2,label contains 'number'
36.0,INSURANCE COMPANY,REGISTRATION,24,0.132,BILLING PHONE NUMBER,F,,False,False,False,2,label contains 'number'
36.0,INSURANCE COMPANY,REGISTRATION,24,0.133,PRECERTIFICATION PHONE NUMBER,F,,False,False,False,2,label contains 'number'
36.0,INSURANCE COMPANY,REGISTRATION,24,0.1331,PRECERTIFICATION PORTAL,FJ80,J,False,False,False,0,
36.0,INSURANCE COMPANY,REGISTRATION,24,0.134,VERIFICATION PHONE NUMBER,F,,False,False,False,2,label contains 'number'
36.0,INSURANCE COMPANY,REGISTRATION,24,0.135,CLAIMS (INPT) PHONE NUMBER,F,,False,False,False,2,label contains 'number'
36.0,INSURANCE COMPANY,REGISTRATION,24,0.136,CLAIMS (OPT) PHONE NUMBER,F,,False,False,False,2,label contains 'number'
36.0,INSURANCE COMPANY,REGISTRATION,24,0.137,APPEALS PHONE NUMBER,F,,False,False,False,2,label contains 'number'
36.0,INSURANCE COMPANY,REGISTRATION,24,0.138,INQUIRY PHONE NUMBER,F,,False,False,False,2,label contains 'number'
36.0,INSURANCE COMPANY,REGISTRATION,24,0.141,APPEALS ADDRESS ST. [LINE 1],FX,X,False,False,False,2,label contains 'address'
36.0,INSURANCE COMPANY,REGISTRATION,24,0.142,APPEALS ADDRESS ST. [LINE 2],FX,X,False,False,False,2,label contains 'address'
36.0,INSURANCE COMPANY,REGISTRATION,24,0.143,APPEALS ADDRESS ST. [LINE 3],FX,X,False,False,False,2,label contains 'address'
36.0,INSURANCE COMPANY,REGISTRATION,24,0.144,APPEALS ADDRESS CITY,F,,False,False,False,2,label contains 'address'
36.0,INSURANCE COMPANY,REGISTRATION,24,0.146,APPEALS ADDRESS ZIP,FJ10XO,"J,O,X",False,False,False,2,label contains 'address'
36.0,INSURANCE COMPANY,REGISTRATION,24,0.149,APPEALS FAX,F,,False,False,False,0,
36.0,INSURANCE COMPANY,REGISTRATION,24,0.151,INQUIRY ADDRESS ST. [LINE 1],FX,X,False,False,False,2,label contains 'address'
36.0,INSURANCE COMPANY,REGISTRATION,24,0.152,INQUIRY ADDRESS ST. [LINE 2],FX,X,False,False,False,2,label contains 'address'
36.0,INSURANCE COMPANY,REGISTRATION,24,0.153,INQUIRY ADDRESS ST. [LINE 3],FX,X,False,False,False,2,label contains 'address'
36.0,INSURANCE COMPANY,REGISTRATION,24,0.154,INQUIRY ADDRESS CITY,F,,False,False,False,2,label contains 'address'
36.0,INSURANCE COMPANY,REGISTRATION,24,0.156,INQUIRY ADDRESS ZIP CODE,FJ10XO,"J,O,X",False,False,False,2,label contains 'address'
36.0,INSURANCE COMPANY,REGISTRATION,24,0.159,INQUIRY FAX,F,,False,False,False,0,
36.0,INSURANCE COMPANY,REGISTRATION,24,0.161,CLAIMS (OPT) STREET ADDRESS 1,FX,X,False,False,False,2,label contains 'address'
36.0,INSURANCE COMPANY,REGISTRATION,24,0.162,CLAIMS (OPT) STREET ADDRESS 2,FX,X,False,False,False,2,label contains 'address'
36.0,INSURANCE COMPANY,REGISTRATION,24,0.163,CLAIMS (OPT) STREET ADDRESS 3,FX,X,False,False,False,2,label contains 'address'
36.0,INSURANCE COMPANY,REGISTRATION,24,0.164,CLAIMS (OPT) PROCESS CITY,F,,False,False,False,0,
36.0,INSURANCE COMPANY,REGISTRATION,24,0.166,CLAIMS (OPT) PROCESS ZIP,FJ10XO,"J,O,X",False,False,False,2,label contains 'zip'
36.0,INSURANCE COMPANY,REGISTRATION,24,0.169,CLAIMS (OPT) FAX,F,,False,False,False,0,
36.0,INSURANCE COMPANY,REGISTRATION,24,0.17,PROFESSIONAL PROVIDER NUMBER,F,,False,False,False,2,label contains 'number'
36.0,INSURANCE COMPANY,REGISTRATION,24,0.181,CLAIMS (RX) STREET ADDRESS 1,FX,X,False,False,False,2,label contains 'address'
36.0,INSURANCE COMPANY,REGISTRATION,24,0.182,CLAIMS (RX) STREET ADDRESS 2,FX,X,False,False,False,2,label contains 'address'
36.0,INSURANCE COMPANY,REGISTRATION,24,0.183,CLAIMS (RX) STREET ADDRESS 3,FX,X,False,False,False,2,label contains 'address'
36.0,INSURANCE COMPANY,REGISTRATION,24,0.184,CLAIMS (RX) CITY,F,,False,False,False,0,
36.0,INSURANCE COMPANY,REGISTRATION,24,0.186,CLAIMS (RX) ZIP,FJ10XO,"J,O,X",False,False,False,2,label contains 'zip'
36.0,INSURANCE COMPANY,REGISTRATION,24,0.189,CLAIMS (RX) FAX,F,,False,False,False,0,
36.0,INSURANCE COMPANY,REGISTRATION,24,0.191,CLAIMS (DENTAL) STREET ADDR 1,FJ30Xa,"J,X,a",False,False,False,0,
36.0,INSURANCE COMPANY,REGISTRATION,24,0.1911,CLAIMS (DENTAL) PHONE NUMBER,FJ20a,"J,a",False,False,False,2,label contains 'number'
36.0,INSURANCE COMPANY,REGISTRATION,24,0.192,CLAIMS (DENTAL) STREET ADDR 2,FJ30Xa,"J,X,a",False,False,False,0,
36.0,INSURANCE COMPANY,REGISTRATION,24,0.193,BLANK,FJ30a,"J,a",False,False,False,0,
36.0,INSURANCE COMPANY,REGISTRATION,24,0.194,CLAIMS (DENTAL) PROCESS CITY,FJ25a,"J,a",False,False,False,0,
36.0,INSURANCE COMPANY,REGISTRATION,24,0.196,CLAIMS (DENTAL) PROCESS ZIP,FJ10XOa,"J,O,X,a",False,False,False,2,label contains 'zip'
36.0,INSURANCE COMPANY,REGISTRATION,24,0.199,CLAIMS (DENTAL) FAX,FJ20a,"J,a",False,False,False,0,
36.0,INSURANCE COMPANY,REGISTRATION,24,3.02,EDI ID NUMBER - PROF,FXa,"X,a",False,False,True,3,label contains 'number'; has description
36.0,INSURANCE COMPANY,REGISTRATION,24,3.03,BIN NUMBER,F,,False,False,True,3,label contains 'number'; has description
36.0,INSURANCE COMPANY,REGISTRATION,24,3.04,EDI ID NUMBER - INST,FXa,"X,a",False,False,True,3,label contains 'number'; has description
36.0,INSURANCE COMPANY,REGISTRATION,24,3.15,EDI ID NUMBER - DENTAL,FJ30Xa,"J,X,a",False,False,True,3,label contains 'number'; has description
36.0,INSURANCE COMPANY,REGISTRATION,24,4.09,PERF PROV CARE UNIT PROMPT,F,,False,False,True,1,has description
36.0,INSURANCE COMPANY,REGISTRATION,24,6.02,EDI INST SECONDARY ID(1),F,,False,False,True,3,label contains 'id'; has description
36.0,INSURANCE COMPANY,REGISTRATION,24,6.04,EDI INST SECONDARY ID(2),F,,False,False,True,3,label contains 'id'; has description
36.0,INSURANCE COMPANY,REGISTRATION,24,6.06,EDI PROF SECONDARY ID(1),F,,False,False,True,3,label contains 'id'; has description
36.0,INSURANCE COMPANY,REGISTRATION,24,6.08,EDI PROF SECONDARY ID(2),F,,False,False,True,3,label contains 'id'; has description
36.0,INSURANCE COMPANY,REGISTRATION,24,7.01,EDI - UMO (278) ID,F,,False,False,True,3,label contains 'id'; has description
36.0,INSURANCE COMPANY,REGISTRATION,24,8.01,HPID/OEID,F,,False,False,True,3,label contains 'id'; has description
36.0,INSURANCE COMPANY,REGISTRATION,24,8.03,PARENT CHP (HPID),F,,False,False,True,3,label contains 'id'; has description
36.0,INSURANCE COMPANY,REGISTRATION,24,8.04,NIF ID,F,,False,False,True,3,label contains 'id'; has description
36.0,INSURANCE COMPANY,REGISTRATION,24,580950.01,COLLECTIONS DOLLAR LIMIT,F,,False,False,True,1,has description
42.0,WARD LOCATION,REGISTRATION,24,0.01,NAME,RFa,a,True,False,False,0,
42.0,WARD LOCATION,REGISTRATION,24,0.02,BEDSECTION,RF,,True,False,False,0,
42.0,WARD LOCATION,REGISTRATION,24,0.15,PRIMARY LOCATION,F,,False,False,False,0,
42.0,WARD LOCATION,REGISTRATION,24,804.0,G&L HEADER,F,,False,False,True,1,has description
3.9,MESSAGE,MAILMAN,20,0.01,SUBJECT,RFOX,"O,X",True,False,False,0,
3.9,MESSAGE,MAILMAN,20,1.0,FROM,RFI,I,True,False,True,1,has description
3.9,MESSAGE,MAILMAN,20,1.1,SENDER,FI,I,False,False,True,1,has description
3.9,MESSAGE,MAILMAN,20,1.7,MESSAGE TYPE,F,,False,False,True,1,has description
3.9,MESSAGE,MAILMAN,20,1.8,SCRAMBLE HINT,F,,False,False,True,1,has description
3.9,MESSAGE,MAILMAN,20,1.85,SCRAMBLE KEY,FI,I,False,False,True,1,has description
3.9,MESSAGE,MAILMAN,20,9.0,INCOMING MESSAGE ID,FI,I,False,False,True,3,label contains 'id'; has description
3.9,MESSAGE,MAILMAN,20,9.5,IN REPLY TO REMOTE MESSAGE ID,F,,False,False,True,3,label contains 'id'; has description
3.9,MESSAGE,MAILMAN,20,21.0,DELIVERY BASKET,F,,False,False,True,1,has description
3.9,MESSAGE,MAILMAN,20,41.0,ENVELOPE FROM,F,,False,False,True,1,has description
45.7,FACILITY TREATING SPECIALTY,REGISTRATION,20,99.0,ABBREVIATION,F,,False,False,True,1,has description
40.7,CLINIC STOP,SCHEDULING,20,0.01,NAME,RF,,True,False,False,0,
40.7,CLINIC STOP,SCHEDULING,20,4.0,COST DISTRIBUTION CENTER,FI,I,False,False,True,1,has description
59.0,OUTPATIENT SITE,PHARMACY,20,0.01,NAME,RF,,True,False,False,0,
59.0,OUTPATIENT SITE,PHARMACY,20,0.02,MAILING FRANK STREET ADDRESS,F,,False,False,False,2,label contains 'address'
59.0,OUTPATIENT SITE,PHARMACY,20,0.04,PHONE NUMBER,F,,False,False,False,2,label contains 'number'
59.0,OUTPATIENT SITE,PHARMACY,20,0.05,MAILING FRANK ZIP+4 CODE,FXO,"O,X",False,False,False,2,label contains 'zip'
59.0,OUTPATIENT SITE,PHARMACY,20,0.06,SITE NUMBER,RFX,X,True,False,False,2,label contains 'number'
59.0,OUTPATIENT SITE,PHARMACY,20,0.07,MAILING FRANK CITY,F,,False,False,False,0,
59.0,OUTPATIENT SITE,PHARMACY,20,0.081,MAILING COMMENTS,F,,False,False,False,0,
59.0,OUTPATIENT SITE,PHARMACY,20,1.0,*SITE DEA NUMBER,F,,False,False,True,3,label contains 'number'; has description
59.0,OUTPATIENT SITE,PHARMACY,20,134.0,FDA MED GUIDE PRINT SERVER URL,F,,False,False,True,3,label contains 'id'; has description
59.0,OUTPATIENT SITE,PHARMACY,20,1008.0,NCPDP NUMBER,F,,False,False,True,3,label contains 'number'; has description
59.0,OUTPATIENT SITE,PHARMACY,20,2006.0,DISPENSE DNS NAME,F,,False,False,True,1,has description
440.0,VENDOR,IFCAP,20,0.01,NAME,RFXa,"X,a",True,False,False,0,
440.0,VENDOR,IFCAP,20,0.4,VENDOR ID NUMBER,FX,X,False,False,False,2,label contains 'number'
440.0,VENDOR,IFCAP,20,1.0,ORDERING ADDRESS1,RF,,True,False,True,3,label contains 'address'; has description
440.0,VENDOR,IFCAP,20,2.0,ORDERING ADDRESS2,F,,False,False,True,3,label contains 'address'; has description
440.0,VENDOR,IFCAP,20,3.0,ORDERING ADDRESS3,F,,False,False,True,3,label contains 'address'; has description
440.0,VENDOR,IFCAP,20,4.0,ORDERING ADDRESS4,F,,False,False,True,3,label contains 'address'; has description
440.0,VENDOR,IFCAP,20,4.2,ORDERING CITY,F,,False,False,True,1,has description
440.0,VENDOR,IFCAP,20,4.6,ORDERING ZIP CODE,FX,X,False,False,True,3,label contains 'zip'; has description
440.0,VENDOR,IFCAP,20,4.7,COUNTY,FXO,"O,X",False,False,True,1,has description
440.0,VENDOR,IFCAP,20,4.8,PROCUREMENT CONTACT PERSON,F,,False,False,True,1,has description
440.0,VENDOR,IFCAP,20,5.0,VENDOR PHONE NUMBER,F,,False,False,True,3,label contains 'number'; has description
440.0,VENDOR,IFCAP,20,5.1,ACCOUNT NO.,F,,False,False,True,3,label contains 'account'; has description
440.0,VENDOR,IFCAP,20,11.0,SPECIAL FACTORS,F,,False,False,True,1,has description
440.0,VENDOR,IFCAP,20,16.0,SERVICE/RETURN ADDRESS1,F,,False,False,True,3,label contains 'address'; has description
440.0,VENDOR,IFCAP,20,16.1,SERVICE/RETURN ADDRESS2,F,,False,False,True,3,label contains 'address'; has description
440.0,VENDOR,IFCAP,20,16.2,SERVICE/RETURN ADDRESS3,F,,False,False,True,3,label contains 'address'; has description
440.0,VENDOR,IFCAP,20,16.3,SERVICE/RETURN ADDRESS4,F,,False,False,True,3,label contains 'address'; has description
440.0,VENDOR,IFCAP,20,16.4,SERVICE/RETURN CITY,F,,False,False,True,1,has description
440.0,VENDOR,IFCAP,20,16.6,SERVICE/RETURN ZIP CODE,FX,X,False,False,True,3,label contains 'zip'; has description
440.0,VENDOR,IFCAP,20,16.7,SERVICE CONTACT PERSON,F,,False,False,True,1,has description
440.0,VENDOR,IFCAP,20,16.8,SERVICE PHONE NO.,F,,False,False,True,3,label contains 'phone'; has description
440.0,VENDOR,IFCAP,20,17.0,PAYMENT CONTACT PERSON,F,,False,False,True,1,has description
440.0,VENDOR,IFCAP,20,17.2,PAYMENT PHONE NO.,F,,False,False,True,3,label contains 'phone'; has description
440.0,VENDOR,IFCAP,20,17.3,PAYMENT ADDRESS1,RFX,X,True,False,True,3,label contains 'address'; has description
440.0,VENDOR,IFCAP,20,17.4,PAYMENT ADDRESS2,F,,False,False,True,3,label contains 'address'; has description
440.0,VENDOR,IFCAP,20,17.5,PAYMENT ADDRESS3,F,,False,False,True,3,label contains 'address'; has description
440.0,VENDOR,IFCAP,20,17.6,PAYMENT ADDRESS4,F,,False,False,True,3,label contains 'address'; has description
440.0,VENDOR,IFCAP,20,17.7,PAYMENT CITY,RF,,True,False,True,1,has description
440.0,VENDOR,IFCAP,20,17.9,PAYMENT ZIP CODE,RFX,X,True,False,True,3,label contains 'zip'; has description
440.0,VENDOR,IFCAP,20,18.0,CALM ID NUMBER,FX,X,False,False,True,3,label contains 'number'; has description
440.0,VENDOR,IFCAP,20,18.2,CALM STUB NAME,F,,False,False,True,1,has description
440.0,VENDOR,IFCAP,20,18.3,DUN & BRADSTREET #,FX,X,False,False,True,1,has description
440.0,VENDOR,IFCAP,20,22.1,BILLING ADDRESS1,F,,False,False,True,3,label contains 'address'; has description
440.0,VENDOR,IFCAP,20,22.2,BILLING ADDRESS2,F,,False,False,True,3,label contains 'address'; has description
440.0,VENDOR,IFCAP,20,22.3,BILLING ADDRESS3,F,,False,False,True,3,label contains 'address'; has description
440.0,VENDOR,IFCAP,20,22.4,BILLING CITY,F,,False,False,True,1,has description
440.0,VENDOR,IFCAP,20,22.6,BILLING ZIP CODE,F,,False,False,True,3,label contains 'zip'; has description
440.0,VENDOR,IFCAP,20,22.7,BILLING PHONE NUMBER,F,,False,False,True,3,label contains 'number'; has description
440.0,VENDOR,IFCAP,20,34.0,FMS VENDOR CODE,F,,False,False,True,3,label contains 'code'; has description
440.0,VENDOR,IFCAP,20,34.5,FMS VENDOR NAME,FI,I,False,False,True,1,has description
440.0,VENDOR,IFCAP,20,35.0,ALT-ADDR-IND,F,,False,False,True,1,has description
440.0,VENDOR,IFCAP,20,38.0,TAX ID/SSN,FX,X,False,False,True,3,label contains 'id'; has description
440.0,VENDOR,IFCAP,20,46.0,FAX #,F,,False,False,True,1,has description
440.0,VENDOR,IFCAP,20,55.0,UEI,FJ12X,"J,X",False,False,True,1,has description
123.0,REQUEST/CONSULTATION,SUPPLY,20,0.06,REMOTE CONSULT FILE ENTRY,FJ20,J,False,False,False,0,
123.0,REQUEST/CONSULTATION,SUPPLY,20,0.1,DISPLAY TEXT OF ITEM ORDERED,F,,False,False,False,0,
123.0,REQUEST/CONSULTATION,SUPPLY,20,0.126,REMOTE ORDERING PROVIDER,F,,False,False,False,2,label contains 'id'
123.0,REQUEST/CONSULTATION,SUPPLY,20,0.131,IFC REMOTE SERVICE NAME,F,,False,False,False,0,
123.0,REQUEST/CONSULTATION,SUPPLY,20,0.132,REMOTE REQUESTOR PHONE,F,,False,False,False,2,label contains 'phone'
123.0,REQUEST/CONSULTATION,SUPPLY,20,0.133,REMOTE REQUESTOR DIG PAGER,F,,False,False,False,0,
123.0,REQUEST/CONSULTATION,SUPPLY,20,30.0,PROVISIONAL DIAGNOSIS,F,,False,False,True,1,has description
123.0,REQUEST/CONSULTATION,SUPPLY,20,30.1,PROVISIONAL DIAGNOSIS CODE,F,,False,False,True,3,label contains 'code'; has description
123.0,REQUEST/CONSULTATION,SUPPLY,20,30.3,PROVISIONAL DIAGNOSIS SYSTEM,F,,False,False,True,1,has description
123.0,REQUEST/CONSULTATION,SUPPLY,20,80.0,UNIQUE CONSULT ID ,FJ15,J,False,False,True,3,label contains 'id'; has description
123.0,REQUEST/CONSULTATION,SUPPLY,20,81.0,DIVISION ID OF ENTERING PERSON,FJ10,J,False,False,True,3,label contains 'id'; has description
123.0,REQUEST/CONSULTATION,SUPPLY,20,85.0,DECISION SUPPORT TOOL ID,FJ240,J,False,False,True,3,label contains 'id'; has description
123.0,REQUEST/CONSULTATION,SUPPLY,20,502.0,Patient Account Number,FJ20,J,False,False,True,3,label contains 'number'; has description
123.0,REQUEST/CONSULTATION,SUPPLY,20,507.0,Cerner Ordering Provider,FJ255,J,False,False,True,3,label contains 'id'; has description
123.0,REQUEST/CONSULTATION,SUPPLY,20,508.0,Cerner Placer Field 2,FJ255,J,False,False,True,1,has description
123.0,REQUEST/CONSULTATION,SUPPLY,20,511.0,OPT IN FOR FINAL STATUS,FJ1,J,False,False,True,1,has description
123.0,REQUEST/CONSULTATION,SUPPLY,20,512.0,PERFORMED DATE/TIME,FJ30,J,False,False,True,3,label contains 'date'; has description
8925.0,TIU DOCUMENT,(unpackaged),18,0.1,LINE COUNT,F,,False,False,False,0,
8925.0,TIU DOCUMENT,(unpackaged),18,0.13,VISIT TYPE,F,,False,False,False,0,
8925.0,TIU DOCUMENT,(unpackaged),18,1503.0,SIGNATURE BLOCK NAME,FOXa,"O,X,a",False,False,False,0,
8925.0,TIU DOCUMENT,(unpackaged),18,1504.0,SIGNATURE BLOCK TITLE,FOXa,"O,X,a",False,False,True,1,has description
8925.0,TIU DOCUMENT,(unpackaged),18,1509.0,COSIGNATURE BLOCK NAME,FXOa,"O,X,a",False,False,False,0,
8925.0,TIU DOCUMENT,(unpackaged),18,1510.0,COSIGNATURE BLOCK TITLE,FXOa,"O,X,a",False,False,False,0,
8925.0,TIU DOCUMENT,(unpackaged),18,1604.0,AMENDMENT SIGN BLOCK NAME,FXOa,"O,X,a",False,False,True,1,has description
8925.0,TIU DOCUMENT,(unpackaged),18,1605.0,AMENDMENT SIGN BLOCK TITLE,FXOa,"O,X,a",False,False,False,0,
8925.0,TIU DOCUMENT,(unpackaged),18,1607.0,ADMIN CLOSURE SIG BLOCK NAME,F,,False,False,False,0,
8925.0,TIU DOCUMENT,(unpackaged),18,1608.0,ADMIN CLOSURE SIG BLOCK TITLE,F,,False,False,False,0,
8925.0,TIU DOCUMENT,(unpackaged),18,1701.0,SUBJECT (OPTIONAL description),F,,False,False,True,1,has description
8925.0,TIU DOCUMENT,(unpackaged),18,15001.0,VISIT ID,F,,False,False,True,3,label contains 'id'; has description
52.0,PRESCRIPTION,PHARMACY,18,0.01,RX #,RF,,True,False,False,0,
52.0,PRESCRIPTION,PHARMACY,18,6.5,TRADE NAME,F,,False,False,True,1,has description
52.0,PRESCRIPTION,PHARMACY,18,10.0,SIG,RFXI,"I,X",True,False,True,1,has description
52.0,PRESCRIPTION,PHARMACY,18,12.0,REMARKS,FX,X,False,False,True,1,has description
52.0,PRESCRIPTION,PHARMACY,18,24.0,LOT #,F,,False,False,True,1,has description
52.0,PRESCRIPTION,PHARMACY,18,27.0,NDC,F,,False,False,True,3,label contains 'ndc'; has description
52.0,PRESCRIPTION,PHARMACY,18,28.0,MANUFACTURER,F,,False,False,True,1,has description
52.0,PRESCRIPTION,PHARMACY,18,30.0,GENERIC PROVIDER,F,,False,False,True,3,label contains 'id'; has description
52.0,PRESCRIPTION,PHARMACY,18,33.0,SEVERITY,FX,X,False,False,True,1,has description
52.0,PRESCRIPTION,PHARMACY,18,34.0,AFFECTED MEDICATION,FX,X,False,False,True,1,has description
52.0,PRESCRIPTION,PHARMACY,18,35.0,METHOD OF PICK-UP,F,,False,False,True,1,has description
52.0,PRESCRIPTION,PHARMACY,18,81.0,DAW CODE,FX,X,False,False,True,3,label contains 'code'; has description
52.0,PRESCRIPTION,PHARMACY,18,91.0,REMOTE FILL SITE,FJ20,J,False,False,True,1,has description
52.0,PRESCRIPTION,PHARMACY,18,92.0,REMOTE PHARMACIST,FJ45,J,False,False,True,1,has description
52.0,PRESCRIPTION,PHARMACY,18,93.0,REMOTE PHARMACIST PHONE,FJ15,J,False,False,True,3,label contains 'phone'; has description
52.0,PRESCRIPTION,PHARMACY,18,96.0,REMOTE FILLING PERSON,FJ45,J,False,False,True,1,has description
52.0,PRESCRIPTION,PHARMACY,18,97.0,REMOTE CHECKING PHARMACIST,FJ45,J,False,False,True,1,has description
52.0,PRESCRIPTION,PHARMACY,18,99.1,HOLD COMMENTS,RF,,True,False,True,1,has description
52.0,PRESCRIPTION,PHARMACY,18,103.0,NEW DRUG,F,,False,False,True,1,has description
52.0,PRESCRIPTION,PHARMACY,18,106.5,COPAY TYPE AUDIT,FI,I,False,False,True,1,has description
52.0,PRESCRIPTION,PHARMACY,18,108.0,DELETION COMMENTS,RF,,True,False,True,1,has description
52.0,PRESCRIPTION,PHARMACY,18,114.0,PATIENT INSTRUCTIONS,F,,False,False,True,1,has description
52.0,PRESCRIPTION,PHARMACY,18,114.1,OTHER PATIENT INSTRUCTIONS,F,,False,False,True,1,has description
52.0,PRESCRIPTION,PHARMACY,18,120.01,DDSTATUS,F,,False,False,True,1,has description
52.0,PRESCRIPTION,PHARMACY,18,120.02,DATE OF DEATH HISTORY,F,,False,False,True,3,label contains 'date'; has description
52.0,PRESCRIPTION,PHARMACY,18,123.0,EXTERNAL PLACER ORDER NUMBER,FI,I,False,False,True,3,label contains 'number'; has description
52.0,PRESCRIPTION,PHARMACY,18,124.0,EXTERNAL APPLICATION,FI,I,False,False,True,1,has description
52.0,PRESCRIPTION,PHARMACY,18,128.0,INDICATION FOR USE,FJ40,J,False,False,True,1,has description
52.0,PRESCRIPTION,PHARMACY,18,130.0,OTHER INDICATION FOR USE,FJ40,J,False,False,True,1,has description
445.0,GENERIC INVENTORY,GENERIC INVENTORY PACKAGE,17,0.01,INVENTORY POINT,RFX,X,True,False,False,0,
445.0,GENERIC INVENTORY,GENERIC INVENTORY PACKAGE,17,0.8,ABBREVIATED NAME,RFX,X,True,False,False,0,
445.0,GENERIC INVENTORY,GENERIC INVENTORY PACKAGE,17,5.0,DEPARTMENT NUMBER,FX,X,False,False,True,3,label contains 'number'; has description
445.0,GENERIC INVENTORY,GENERIC INVENTORY PACKAGE,17,16.0,PICKING TICKET PRINTER,FX,X,False,False,True,1,has description
445.0,GENERIC INVENTORY,GENERIC INVENTORY PACKAGE,17,19.0,PRE-CONVERSION HEADER (NO EDITS),FXI,"I,X",False,False,True,1,has description
